STRUCTURE,STRUCTURE_ID,STRUCTURE_NAME,ACTION,REF_AREA,Reference area,FREQ,Frequency of observation,MEASURE,Measure,UNIT_MEASURE,Unit of measure,ACTIVITY,Economic activity,ADJUSTMENT,Adjustment,TRANSFORMATION,Transformation,TIME_PERIOD,Time period,OBS_VALUE,Observation value,OBS_STATUS,Observation status,UNIT_MULT,Unit multiplier,DECIMALS,Decimals,BASE_PER,Base period
DATAFLOW,OECD.SDD.STES:DSD_KEI@DF_KEI(4.0),Key short-term economic indicators,I,USA,United States,M,Monthly,RS,Reference series (GDP),IX,Index,_T,Total - All activities,RT,Ratio to trend,_Z,Not applicable,2000-01,,101.731137291144,,A,Normal value,0,Units,1,One,,
DATAFLOW,OECD.SDD.STES:DSD_KEI@DF_KEI(4.0),Key short-term economic indicators,I,USA,United States,M,Monthly,RS,Reference series (GDP),IX,Index,_T,Total - All activities,RT,Ratio to trend,_Z,Not applicable,2000-02,,101.803924538832,,A,Normal value,0,Units,1,One,,
DATAFLOW,OECD.SDD.STES:DSD_KEI@DF_KEI(4.0),Key short-term economic indicators,I,USA,United States,M,Monthly,RS,Reference series (GDP),IX,Index,_T,Total - All activities,RT,Ratio to trend,_Z,Not applicable,2000-03,,101.892949160526,,A,Normal value,0,Units,1,One,,
DATAFLOW,OECD.SDD.STES:DSD_KEI@DF_KEI(4.0),Key short-term economic indicators,I,USA,United States,M,Monthly,RS,Reference series (GDP),IX,Index,_T,Total - All activities,RT,Ratio to trend,_Z,Not applicable,2000-04,,101.978341215056,,A,Normal value,0,Units,1,One,,
DATAFLOW,OECD.SDD.STES:DSD_KEI@DF_KEI(4.0),Key short-term economic indicators,I,USA,United States,M,Monthly,RS,Reference series (GDP),IX,Index,_T,Total - All activities,RT,Ratio to trend,_Z,Not applicable,2000-05,,102.028965395418,,A,Normal value,0,Units,1,One,,
DATAFLOW,OECD.SDD.STES:DSD_KEI@DF_KEI(4.0),Key short-term economic indicators,I,USA,United States,M,Monthly,RS,Reference series (GDP),IX,Index,_T,Total - All activities,RT,Ratio to trend,_Z,Not applicable,2000-06,,102.020488595196,,A,Normal value,0,Units,1,One,,
DATAFLOW,OECD.SDD.STES:DSD_KEI@DF_KEI(4.0),Key short-term economic indicators,I,USA,United States,M,Monthly,RS,Reference series (GDP),IX,Index,_T,Total - All activities,RT,Ratio to trend,_Z,Not applicable,2000-07,,101.955990816217,,A,Normal value,0,Units,1,One,,
DATAFLOW,OECD.SDD.STES:DSD_KEI@DF_KEI(4.0),Key short-term economic indicators,I,USA,United States,M,Monthly,RS,Reference series (GDP),IX,Index,_T,Total - All activities,RT,Ratio to trend,_Z,Not applicable,2000-08,,101.849625832965,,A,Normal value,0,Units,1,One,,
DATAFLOW,OECD.SDD.STES:DSD_KEI@DF_KEI(4.0),Key short-term economic indicators,I,USA,United States,M,Monthly,RS,Reference series (GDP),IX,Index,_T,Total - All activities,RT,Ratio to trend,_Z,Not applicable,2000-09,,101.714465118628,,A,Normal value,0,Units,1,One,,
DATAFLOW,OECD.SDD.STES:DSD_KEI@DF_KEI(4.0),Key short-term economic indicators,I,USA,United States,M,Monthly,RS,Reference series (GDP),IX,Index,_T,Total - All activities,RT,Ratio to trend,_Z,Not applicable,2000-10,,101.553629706725,,A,Normal value,0,Units,1,One,,
DATAFLOW,OECD.SDD.STES:DSD_KEI@DF_KEI(4.0),Key short-term economic indicators,I,USA,United States,M,Monthly,RS,Reference series (GDP),IX,Index,_T,Total - All activities,RT,Ratio to trend,_Z,Not applicable,2000-11,,101.365810183677,,A,Normal value,0,Units,1,One,,
DATAFLOW,OECD.SDD.STES:DSD_KEI@DF_KEI(4.0),Key short-term economic indicators,I,USA,United States,M,Monthly,RS,Reference series (GDP),IX,Index,_T,Total - All activities,RT,Ratio to trend,_Z,Not applicable,2000-12,,101.152779005161,,A,Normal value,0,Units,1,One,,
DATAFLOW,OECD.SDD.STES:DSD_KEI@DF_KEI(4.0),Key short-term economic indicators,I,USA,United States,M,Monthly,RS,Reference series (GDP),IX,Index,_T,Total - All activities,RT,Ratio to trend,_Z,Not applicable,2001-01,,100.928925922229,,A,Normal value,0,Units,1,One,,
DATAFLOW,OECD.SDD.STES:DSD_KEI@DF_KEI(4.0),Key short-term economic indicators,I,USA,United States,M,Monthly,RS,Reference series (GDP),IX,Index,_T,Total - All activities,RT,Ratio to trend,_Z,Not applicable,2001-02,,100.710441989851,,A,Normal value,0,Units,1,One,,
DATAFLOW,OECD.SDD.STES:DSD_KEI@DF_KEI(4.0),Key short-term economic indicators,I,USA,United States,M,Monthly,RS,Reference series (GDP),IX,Index,_T,Total - All activities,RT,Ratio to trend,_Z,Not applicable,2001-03,,100.505621536125,,A,Normal value,0,Units,1,One,,
DATAFLOW,OECD.SDD.STES:DSD_KEI@DF_KEI(4.0),Key short-term economic indicators,I,USA,United States,M,Monthly,RS,Reference series (GDP),IX,Index,_T,Total - All activities,RT,Ratio to trend,_Z,Not applicable,2001-04,,100.305102535174,,A,Normal value,0,Units,1,One,,
DATAFLOW,OECD.SDD.STES:DSD_KEI@DF_KEI(4.0),Key short-term economic indicators,I,USA,United States,M,Monthly,RS,Reference series (GDP),IX,Index,_T,Total - All activities,RT,Ratio to trend,_Z,Not applicable,2001-05,,100.094245016271,,A,Normal value,0,Units,1,One,,
DATAFLOW,OECD.SDD.STES:DSD_KEI@DF_KEI(4.0),Key short-term economic indicators,I,USA,United States,M,Monthly,RS,Reference series (GDP),IX,Index,_T,Total - All activities,RT,Ratio to trend,_Z,Not applicable,2001-06,,99.8651963871324,,A,Normal value,0,Units,1,One,,
DATAFLOW,OECD.SDD.STES:DSD_KEI@DF_KEI(4.0),Key short-term economic indicators,I,USA,United States,M,Monthly,RS,Reference series (GDP),IX,Index,_T,Total - All activities,RT,Ratio to trend,_Z,Not applicable,2001-07,,99.6296709453732,,A,Normal value,0,Units,1,One,,
DATAFLOW,OECD.SDD.STES:DSD_KEI@DF_KEI(4.0),Key short-term economic indicators,I,USA,United States,M,Monthly,RS,Reference series (GDP),IX,Index,_T,Total - All activities,RT,Ratio to trend,_Z,Not applicable,2001-08,,99.4086673369797,,A,Normal value,0,Units,1,One,,
DATAFLOW,OECD.SDD.STES:DSD_KEI@DF_KEI(4.0),Key short-term economic indicators,I,USA,United States,M,Monthly,RS,Reference series (GDP),IX,Index,_T,Total - All activities,RT,Ratio to trend,_Z,Not applicable,2001-09,,99.2229332553672,,A,Normal value,0,Units,1,One,,
DATAFLOW,OECD.SDD.STES:DSD_KEI@DF_KEI(4.0),Key short-term economic indicators,I,USA,United States,M,Monthly,RS,Reference series (GDP),IX,Index,_T,Total - All activities,RT,Ratio to trend,_Z,Not applicable,2001-10,,99.0826717214899,,A,Normal value,0,Units,1,One,,
DATAFLOW,OECD.SDD.STES:DSD_KEI@DF_KEI(4.0),Key short-term economic indicators,I,USA,United States,M,Monthly,RS,Reference series (GDP),IX,Index,_T,Total - All activities,RT,Ratio to trend,_Z,Not applicable,2001-11,,98.9909607803853,,A,Normal value,0,Units,1,One,,
DATAFLOW,OECD.SDD.STES:DSD_KEI@DF_KEI(4.0),Key short-term economic indicators,I,USA,United States,M,Monthly,RS,Reference series (GDP),IX,Index,_T,Total - All activities,RT,Ratio to trend,_Z,Not applicable,2001-12,,98.9439327465719,,A,Normal value,0,Units,1,One,,
DATAFLOW,OECD.SDD.STES:DSD_KEI@DF_KEI(4.0),Key short-term economic indicators,I,USA,United States,M,Monthly,RS,Reference series (GDP),IX,Index,_T,Total - All activities,RT,Ratio to trend,_Z,Not applicable,2002-01,,98.9274913157058,,A,Normal value,0,Units,1,One,,
DATAFLOW,OECD.SDD.STES:DSD_KEI@DF_KEI(4.0),Key short-term economic indicators,I,USA,United States,M,Monthly,RS,Reference series (GDP),IX,Index,_T,Total - All activities,RT,Ratio to trend,_Z,Not applicable,2002-02,,98.9241243549148,,A,Normal value,0,Units,1,One,,
DATAFLOW,OECD.SDD.STES:DSD_KEI@DF_KEI(4.0),Key short-term economic indicators,I,USA,United States,M,Monthly,RS,Reference series (GDP),IX,Index,_T,Total - All activities,RT,Ratio to trend,_Z,Not applicable,2002-03,,98.9174995623488,,A,Normal value,0,Units,1,One,,
DATAFLOW,OECD.SDD.STES:DSD_KEI@DF_KEI(4.0),Key short-term economic indicators,I,USA,United States,M,Monthly,RS,Reference series (GDP),IX,Index,_T,Total - All activities,RT,Ratio to trend,_Z,Not applicable,2002-04,,98.8961247730643,,A,Normal value,0,Units,1,One,,
DATAFLOW,OECD.SDD.STES:DSD_KEI@DF_KEI(4.0),Key short-term economic indicators,I,USA,United States,M,Monthly,RS,Reference series (GDP),IX,Index,_T,Total - All activities,RT,Ratio to trend,_Z,Not applicable,2002-05,,98.8521139029779,,A,Normal value,0,Units,1,One,,
DATAFLOW,OECD.SDD.STES:DSD_KEI@DF_KEI(4.0),Key short-term economic indicators,I,USA,United States,M,Monthly,RS,Reference series (GDP),IX,Index,_T,Total - All activities,RT,Ratio to trend,_Z,Not applicable,2002-06,,98.7810052318144,,A,Normal value,0,Units,1,One,,
DATAFLOW,OECD.SDD.STES:DSD_KEI@DF_KEI(4.0),Key short-term economic indicators,I,USA,United States,M,Monthly,RS,Reference series (GDP),IX,Index,_T,Total - All activities,RT,Ratio to trend,_Z,Not applicable,2002-07,,98.6831791652576,,A,Normal value,0,Units,1,One,,
DATAFLOW,OECD.SDD.STES:DSD_KEI@DF_KEI(4.0),Key short-term economic indicators,I,USA,United States,M,Monthly,RS,Reference series (GDP),IX,Index,_T,Total - All activities,RT,Ratio to trend,_Z,Not applicable,2002-08,,98.5624050696619,,A,Normal value,0,Units,1,One,,
DATAFLOW,OECD.SDD.STES:DSD_KEI@DF_KEI(4.0),Key short-term economic indicators,I,USA,United States,M,Monthly,RS,Reference series (GDP),IX,Index,_T,Total - All activities,RT,Ratio to trend,_Z,Not applicable,2002-09,,98.426287204305,,A,Normal value,0,Units,1,One,,
DATAFLOW,OECD.SDD.STES:DSD_KEI@DF_KEI(4.0),Key short-term economic indicators,I,USA,United States,M,Monthly,RS,Reference series (GDP),IX,Index,_T,Total - All activities,RT,Ratio to trend,_Z,Not applicable,2002-10,,98.2883311557707,,A,Normal value,0,Units,1,One,,
DATAFLOW,OECD.SDD.STES:DSD_KEI@DF_KEI(4.0),Key short-term economic indicators,I,USA,United States,M,Monthly,RS,Reference series (GDP),IX,Index,_T,Total - All activities,RT,Ratio to trend,_Z,Not applicable,2002-11,,98.1644812796971,,A,Normal value,0,Units,1,One,,
DATAFLOW,OECD.SDD.STES:DSD_KEI@DF_KEI(4.0),Key short-term economic indicators,I,USA,United States,M,Monthly,RS,Reference series (GDP),IX,Index,_T,Total - All activities,RT,Ratio to trend,_Z,Not applicable,2002-12,,98.0698360368556,,A,Normal value,0,Units,1,One,,
DATAFLOW,OECD.SDD.STES:DSD_KEI@DF_KEI(4.0),Key short-term economic indicators,I,USA,United States,M,Monthly,RS,Reference series (GDP),IX,Index,_T,Total - All activities,RT,Ratio to trend,_Z,Not applicable,2003-01,,98.0143945126014,,A,Normal value,0,Units,1,One,,
DATAFLOW,OECD.SDD.STES:DSD_KEI@DF_KEI(4.0),Key short-term economic indicators,I,USA,United States,M,Monthly,RS,Reference series (GDP),IX,Index,_T,Total - All activities,RT,Ratio to trend,_Z,Not applicable,2003-02,,98.0061662185166,,A,Normal value,0,Units,1,One,,
DATAFLOW,OECD.SDD.STES:DSD_KEI@DF_KEI(4.0),Key short-term economic indicators,I,USA,United States,M,Monthly,RS,Reference series (GDP),IX,Index,_T,Total - All activities,RT,Ratio to trend,_Z,Not applicable,2003-03,,98.0514162363138,,A,Normal value,0,Units,1,One,,
DATAFLOW,OECD.SDD.STES:DSD_KEI@DF_KEI(4.0),Key short-term economic indicators,I,USA,United States,M,Monthly,RS,Reference series (GDP),IX,Index,_T,Total - All activities,RT,Ratio to trend,_Z,Not applicable,2003-04,,98.1514696274815,,A,Normal value,0,Units,1,One,,
DATAFLOW,OECD.SDD.STES:DSD_KEI@DF_KEI(4.0),Key short-term economic indicators,I,USA,United States,M,Monthly,RS,Reference series (GDP),IX,Index,_T,Total - All activities,RT,Ratio to trend,_Z,Not applicable,2003-05,,98.3040752242512,,A,Normal value,0,Units,1,One,,
DATAFLOW,OECD.SDD.STES:DSD_KEI@DF_KEI(4.0),Key short-term economic indicators,I,USA,United States,M,Monthly,RS,Reference series (GDP),IX,Index,_T,Total - All activities,RT,Ratio to trend,_Z,Not applicable,2003-06,,98.5007217505906,,A,Normal value,0,Units,1,One,,
DATAFLOW,OECD.SDD.STES:DSD_KEI@DF_KEI(4.0),Key short-term economic indicators,I,USA,United States,M,Monthly,RS,Reference series (GDP),IX,Index,_T,Total - All activities,RT,Ratio to trend,_Z,Not applicable,2003-07,,98.7200352005689,,A,Normal value,0,Units,1,One,,
DATAFLOW,OECD.SDD.STES:DSD_KEI@DF_KEI(4.0),Key short-term economic indicators,I,USA,United States,M,Monthly,RS,Reference series (GDP),IX,Index,_T,Total - All activities,RT,Ratio to trend,_Z,Not applicable,2003-08,,98.9363533241695,,A,Normal value,0,Units,1,One,,
DATAFLOW,OECD.SDD.STES:DSD_KEI@DF_KEI(4.0),Key short-term economic indicators,I,USA,United States,M,Monthly,RS,Reference series (GDP),IX,Index,_T,Total - All activities,RT,Ratio to trend,_Z,Not applicable,2003-09,,99.1266144250904,,A,Normal value,0,Units,1,One,,
DATAFLOW,OECD.SDD.STES:DSD_KEI@DF_KEI(4.0),Key short-term economic indicators,I,USA,United States,M,Monthly,RS,Reference series (GDP),IX,Index,_T,Total - All activities,RT,Ratio to trend,_Z,Not applicable,2003-10,,99.2774256685555,,A,Normal value,0,Units,1,One,,
DATAFLOW,OECD.SDD.STES:DSD_KEI@DF_KEI(4.0),Key short-term economic indicators,I,USA,United States,M,Monthly,RS,Reference series (GDP),IX,Index,_T,Total - All activities,RT,Ratio to trend,_Z,Not applicable,2003-11,,99.382666890758,,A,Normal value,0,Units,1,One,,
DATAFLOW,OECD.SDD.STES:DSD_KEI@DF_KEI(4.0),Key short-term economic indicators,I,USA,United States,M,Monthly,RS,Reference series (GDP),IX,Index,_T,Total - All activities,RT,Ratio to trend,_Z,Not applicable,2003-12,,99.4438166068271,,A,Normal value,0,Units,1,One,,
DATAFLOW,OECD.SDD.STES:DSD_KEI@DF_KEI(4.0),Key short-term economic indicators,I,USA,United States,M,Monthly,RS,Reference series (GDP),IX,Index,_T,Total - All activities,RT,Ratio to trend,_Z,Not applicable,2004-01,,99.4734451689282,,A,Normal value,0,Units,1,One,,
DATAFLOW,OECD.SDD.STES:DSD_KEI@DF_KEI(4.0),Key short-term economic indicators,I,USA,United States,M,Monthly,RS,Reference series (GDP),IX,Index,_T,Total - All activities,RT,Ratio to trend,_Z,Not applicable,2004-02,,99.487984880143,,A,Normal value,0,Units,1,One,,
DATAFLOW,OECD.SDD.STES:DSD_KEI@DF_KEI(4.0),Key short-term economic indicators,I,USA,United States,M,Monthly,RS,Reference series (GDP),IX,Index,_T,Total - All activities,RT,Ratio to trend,_Z,Not applicable,2004-03,,99.5027613845334,,A,Normal value,0,Units,1,One,,
DATAFLOW,OECD.SDD.STES:DSD_KEI@DF_KEI(4.0),Key short-term economic indicators,I,USA,United States,M,Monthly,RS,Reference series (GDP),IX,Index,_T,Total - All activities,RT,Ratio to trend,_Z,Not applicable,2004-04,,99.5281523353523,,A,Normal value,0,Units,1,One,,
DATAFLOW,OECD.SDD.STES:DSD_KEI@DF_KEI(4.0),Key short-term economic indicators,I,USA,United States,M,Monthly,RS,Reference series (GDP),IX,Index,_T,Total - All activities,RT,Ratio to trend,_Z,Not applicable,2004-05,,99.570805509694,,A,Normal value,0,Units,1,One,,
DATAFLOW,OECD.SDD.STES:DSD_KEI@DF_KEI(4.0),Key short-term economic indicators,I,USA,United States,M,Monthly,RS,Reference series (GDP),IX,Index,_T,Total - All activities,RT,Ratio to trend,_Z,Not applicable,2004-06,,99.6341227448279,,A,Normal value,0,Units,1,One,,
DATAFLOW,OECD.SDD.STES:DSD_KEI@DF_KEI(4.0),Key short-term economic indicators,I,USA,United States,M,Monthly,RS,Reference series (GDP),IX,Index,_T,Total - All activities,RT,Ratio to trend,_Z,Not applicable,2004-07,,99.7175329455509,,A,Normal value,0,Units,1,One,,
DATAFLOW,OECD.SDD.STES:DSD_KEI@DF_KEI(4.0),Key short-term economic indicators,I,USA,United States,M,Monthly,RS,Reference series (GDP),IX,Index,_T,Total - All activities,RT,Ratio to trend,_Z,Not applicable,2004-08,,99.8185887989355,,A,Normal value,0,Units,1,One,,
DATAFLOW,OECD.SDD.STES:DSD_KEI@DF_KEI(4.0),Key short-term economic indicators,I,USA,United States,M,Monthly,RS,Reference series (GDP),IX,Index,_T,Total - All activities,RT,Ratio to trend,_Z,Not applicable,2004-09,,99.9336546956042,,A,Normal value,0,Units,1,One,,
DATAFLOW,OECD.SDD.STES:DSD_KEI@DF_KEI(4.0),Key short-term economic indicators,I,USA,United States,M,Monthly,RS,Reference series (GDP),IX,Index,_T,Total - All activities,RT,Ratio to trend,_Z,Not applicable,2004-10,,100.057372489677,,A,Normal value,0,Units,1,One,,
DATAFLOW,OECD.SDD.STES:DSD_KEI@DF_KEI(4.0),Key short-term economic indicators,I,USA,United States,M,Monthly,RS,Reference series (GDP),IX,Index,_T,Total - All activities,RT,Ratio to trend,_Z,Not applicable,2004-11,,100.183098491674,,A,Normal value,0,Units,1,One,,
DATAFLOW,OECD.SDD.STES:DSD_KEI@DF_KEI(4.0),Key short-term economic indicators,I,USA,United States,M,Monthly,RS,Reference series (GDP),IX,Index,_T,Total - All activities,RT,Ratio to trend,_Z,Not applicable,2004-12,,100.302783568564,,A,Normal value,0,Units,1,One,,
DATAFLOW,OECD.SDD.STES:DSD_KEI@DF_KEI(4.0),Key short-term economic indicators,I,USA,United States,M,Monthly,RS,Reference series (GDP),IX,Index,_T,Total - All activities,RT,Ratio to trend,_Z,Not applicable,2005-01,,100.406786757703,,A,Normal value,0,Units,1,One,,
DATAFLOW,OECD.SDD.STES:DSD_KEI@DF_KEI(4.0),Key short-term economic indicators,I,USA,United States,M,Monthly,RS,Reference series (GDP),IX,Index,_T,Total - All activities,RT,Ratio to trend,_Z,Not applicable,2005-02,,100.486600376094,,A,Normal value,0,Units,1,One,,
DATAFLOW,OECD.SDD.STES:DSD_KEI@DF_KEI(4.0),Key short-term economic indicators,I,USA,United States,M,Monthly,RS,Reference series (GDP),IX,Index,_T,Total - All activities,RT,Ratio to trend,_Z,Not applicable,2005-03,,100.538803200137,,A,Normal value,0,Units,1,One,,
DATAFLOW,OECD.SDD.STES:DSD_KEI@DF_KEI(4.0),Key short-term economic indicators,I,USA,United States,M,Monthly,RS,Reference series (GDP),IX,Index,_T,Total - All activities,RT,Ratio to trend,_Z,Not applicable,2005-04,,100.570846209653,,A,Normal value,0,Units,1,One,,
DATAFLOW,OECD.SDD.STES:DSD_KEI@DF_KEI(4.0),Key short-term economic indicators,I,USA,United States,M,Monthly,RS,Reference series (GDP),IX,Index,_T,Total - All activities,RT,Ratio to trend,_Z,Not applicable,2005-05,,100.594388505407,,A,Normal value,0,Units,1,One,,
DATAFLOW,OECD.SDD.STES:DSD_KEI@DF_KEI(4.0),Key short-term economic indicators,I,USA,United States,M,Monthly,RS,Reference series (GDP),IX,Index,_T,Total - All activities,RT,Ratio to trend,_Z,Not applicable,2005-06,,100.620237732805,,A,Normal value,0,Units,1,One,,
DATAFLOW,OECD.SDD.STES:DSD_KEI@DF_KEI(4.0),Key short-term economic indicators,I,USA,United States,M,Monthly,RS,Reference series (GDP),IX,Index,_T,Total - All activities,RT,Ratio to trend,_Z,Not applicable,2005-07,,100.654090935751,,A,Normal value,0,Units,1,One,,
DATAFLOW,OECD.SDD.STES:DSD_KEI@DF_KEI(4.0),Key short-term economic indicators,I,USA,United States,M,Monthly,RS,Reference series (GDP),IX,Index,_T,Total - All activities,RT,Ratio to trend,_Z,Not applicable,2005-08,,100.699366117069,,A,Normal value,0,Units,1,One,,
DATAFLOW,OECD.SDD.STES:DSD_KEI@DF_KEI(4.0),Key short-term economic indicators,I,USA,United States,M,Monthly,RS,Reference series (GDP),IX,Index,_T,Total - All activities,RT,Ratio to trend,_Z,Not applicable,2005-09,,100.759641720211,,A,Normal value,0,Units,1,One,,
DATAFLOW,OECD.SDD.STES:DSD_KEI@DF_KEI(4.0),Key short-term economic indicators,I,USA,United States,M,Monthly,RS,Reference series (GDP),IX,Index,_T,Total - All activities,RT,Ratio to trend,_Z,Not applicable,2005-10,,100.840469645898,,A,Normal value,0,Units,1,One,,
DATAFLOW,OECD.SDD.STES:DSD_KEI@DF_KEI(4.0),Key short-term economic indicators,I,USA,United States,M,Monthly,RS,Reference series (GDP),IX,Index,_T,Total - All activities,RT,Ratio to trend,_Z,Not applicable,2005-11,,100.94496233486,,A,Normal value,0,Units,1,One,,
DATAFLOW,OECD.SDD.STES:DSD_KEI@DF_KEI(4.0),Key short-term economic indicators,I,USA,United States,M,Monthly,RS,Reference series (GDP),IX,Index,_T,Total - All activities,RT,Ratio to trend,_Z,Not applicable,2005-12,,101.068105369484,,A,Normal value,0,Units,1,One,,
DATAFLOW,OECD.SDD.STES:DSD_KEI@DF_KEI(4.0),Key short-term economic indicators,I,USA,United States,M,Monthly,RS,Reference series (GDP),IX,Index,_T,Total - All activities,RT,Ratio to trend,_Z,Not applicable,2006-01,,101.18955235572,,A,Normal value,0,Units,1,One,,
DATAFLOW,OECD.SDD.STES:DSD_KEI@DF_KEI(4.0),Key short-term economic indicators,I,USA,United States,M,Monthly,RS,Reference series (GDP),IX,Index,_T,Total - All activities,RT,Ratio to trend,_Z,Not applicable,2006-02,,101.284436979596,,A,Normal value,0,Units,1,One,,
DATAFLOW,OECD.SDD.STES:DSD_KEI@DF_KEI(4.0),Key short-term economic indicators,I,USA,United States,M,Monthly,RS,Reference series (GDP),IX,Index,_T,Total - All activities,RT,Ratio to trend,_Z,Not applicable,2006-03,,101.334561012243,,A,Normal value,0,Units,1,One,,
DATAFLOW,OECD.SDD.STES:DSD_KEI@DF_KEI(4.0),Key short-term economic indicators,I,USA,United States,M,Monthly,RS,Reference series (GDP),IX,Index,_T,Total - All activities,RT,Ratio to trend,_Z,Not applicable,2006-04,,101.341714021677,,A,Normal value,0,Units,1,One,,
DATAFLOW,OECD.SDD.STES:DSD_KEI@DF_KEI(4.0),Key short-term economic indicators,I,USA,United States,M,Monthly,RS,Reference series (GDP),IX,Index,_T,Total - All activities,RT,Ratio to trend,_Z,Not applicable,2006-05,,101.318459905257,,A,Normal value,0,Units,1,One,,
DATAFLOW,OECD.SDD.STES:DSD_KEI@DF_KEI(4.0),Key short-term economic indicators,I,USA,United States,M,Monthly,RS,Reference series (GDP),IX,Index,_T,Total - All activities,RT,Ratio to trend,_Z,Not applicable,2006-06,,101.282218624235,,A,Normal value,0,Units,1,One,,
DATAFLOW,OECD.SDD.STES:DSD_KEI@DF_KEI(4.0),Key short-term economic indicators,I,USA,United States,M,Monthly,RS,Reference series (GDP),IX,Index,_T,Total - All activities,RT,Ratio to trend,_Z,Not applicable,2006-07,,101.251816998844,,A,Normal value,0,Units,1,One,,
DATAFLOW,OECD.SDD.STES:DSD_KEI@DF_KEI(4.0),Key short-term economic indicators,I,USA,United States,M,Monthly,RS,Reference series (GDP),IX,Index,_T,Total - All activities,RT,Ratio to trend,_Z,Not applicable,2006-08,,101.242677373659,,A,Normal value,0,Units,1,One,,
DATAFLOW,OECD.SDD.STES:DSD_KEI@DF_KEI(4.0),Key short-term economic indicators,I,USA,United States,M,Monthly,RS,Reference series (GDP),IX,Index,_T,Total - All activities,RT,Ratio to trend,_Z,Not applicable,2006-09,,101.261916642601,,A,Normal value,0,Units,1,One,,
DATAFLOW,OECD.SDD.STES:DSD_KEI@DF_KEI(4.0),Key short-term economic indicators,I,USA,United States,M,Monthly,RS,Reference series (GDP),IX,Index,_T,Total - All activities,RT,Ratio to trend,_Z,Not applicable,2006-10,,101.302212019411,,A,Normal value,0,Units,1,One,,
DATAFLOW,OECD.SDD.STES:DSD_KEI@DF_KEI(4.0),Key short-term economic indicators,I,USA,United States,M,Monthly,RS,Reference series (GDP),IX,Index,_T,Total - All activities,RT,Ratio to trend,_Z,Not applicable,2006-11,,101.351067039281,,A,Normal value,0,Units,1,One,,
DATAFLOW,OECD.SDD.STES:DSD_KEI@DF_KEI(4.0),Key short-term economic indicators,I,USA,United States,M,Monthly,RS,Reference series (GDP),IX,Index,_T,Total - All activities,RT,Ratio to trend,_Z,Not applicable,2006-12,,101.39881504157,,A,Normal value,0,Units,1,One,,
DATAFLOW,OECD.SDD.STES:DSD_KEI@DF_KEI(4.0),Key short-term economic indicators,I,USA,United States,M,Monthly,RS,Reference series (GDP),IX,Index,_T,Total - All activities,RT,Ratio to trend,_Z,Not applicable,2007-01,,101.446285265608,,A,Normal value,0,Units,1,One,,
DATAFLOW,OECD.SDD.STES:DSD_KEI@DF_KEI(4.0),Key short-term economic indicators,I,USA,United States,M,Monthly,RS,Reference series (GDP),IX,Index,_T,Total - All activities,RT,Ratio to trend,_Z,Not applicable,2007-02,,101.499456955798,,A,Normal value,0,Units,1,One,,
DATAFLOW,OECD.SDD.STES:DSD_KEI@DF_KEI(4.0),Key short-term economic indicators,I,USA,United States,M,Monthly,RS,Reference series (GDP),IX,Index,_T,Total - All activities,RT,Ratio to trend,_Z,Not applicable,2007-03,,101.564416970321,,A,Normal value,0,Units,1,One,,
DATAFLOW,OECD.SDD.STES:DSD_KEI@DF_KEI(4.0),Key short-term economic indicators,I,USA,United States,M,Monthly,RS,Reference series (GDP),IX,Index,_T,Total - All activities,RT,Ratio to trend,_Z,Not applicable,2007-04,,101.642188704813,,A,Normal value,0,Units,1,One,,
DATAFLOW,OECD.SDD.STES:DSD_KEI@DF_KEI(4.0),Key short-term economic indicators,I,USA,United States,M,Monthly,RS,Reference series (GDP),IX,Index,_T,Total - All activities,RT,Ratio to trend,_Z,Not applicable,2007-05,,101.730560716573,,A,Normal value,0,Units,1,One,,
DATAFLOW,OECD.SDD.STES:DSD_KEI@DF_KEI(4.0),Key short-term economic indicators,I,USA,United States,M,Monthly,RS,Reference series (GDP),IX,Index,_T,Total - All activities,RT,Ratio to trend,_Z,Not applicable,2007-06,,101.825262801753,,A,Normal value,0,Units,1,One,,
DATAFLOW,OECD.SDD.STES:DSD_KEI@DF_KEI(4.0),Key short-term economic indicators,I,USA,United States,M,Monthly,RS,Reference series (GDP),IX,Index,_T,Total - All activities,RT,Ratio to trend,_Z,Not applicable,2007-07,,101.920646721238,,A,Normal value,0,Units,1,One,,
DATAFLOW,OECD.SDD.STES:DSD_KEI@DF_KEI(4.0),Key short-term economic indicators,I,USA,United States,M,Monthly,RS,Reference series (GDP),IX,Index,_T,Total - All activities,RT,Ratio to trend,_Z,Not applicable,2007-08,,102.009395705831,,A,Normal value,0,Units,1,One,,
DATAFLOW,OECD.SDD.STES:DSD_KEI@DF_KEI(4.0),Key short-term economic indicators,I,USA,United States,M,Monthly,RS,Reference series (GDP),IX,Index,_T,Total - All activities,RT,Ratio to trend,_Z,Not applicable,2007-09,,102.082444667117,,A,Normal value,0,Units,1,One,,
DATAFLOW,OECD.SDD.STES:DSD_KEI@DF_KEI(4.0),Key short-term economic indicators,I,USA,United States,M,Monthly,RS,Reference series (GDP),IX,Index,_T,Total - All activities,RT,Ratio to trend,_Z,Not applicable,2007-10,,102.129635164407,,A,Normal value,0,Units,1,One,,
DATAFLOW,OECD.SDD.STES:DSD_KEI@DF_KEI(4.0),Key short-term economic indicators,I,USA,United States,M,Monthly,RS,Reference series (GDP),IX,Index,_T,Total - All activities,RT,Ratio to trend,_Z,Not applicable,2007-11,,102.143106942816,,A,Normal value,0,Units,1,One,,
DATAFLOW,OECD.SDD.STES:DSD_KEI@DF_KEI(4.0),Key short-term economic indicators,I,USA,United States,M,Monthly,RS,Reference series (GDP),IX,Index,_T,Total - All activities,RT,Ratio to trend,_Z,Not applicable,2007-12,,102.122778368682,,A,Normal value,0,Units,1,One,,
DATAFLOW,OECD.SDD.STES:DSD_KEI@DF_KEI(4.0),Key short-term economic indicators,I,USA,United States,M,Monthly,RS,Reference series (GDP),IX,Index,_T,Total - All activities,RT,Ratio to trend,_Z,Not applicable,2008-01,,102.084432280653,,A,Normal value,0,Units,1,One,,
DATAFLOW,OECD.SDD.STES:DSD_KEI@DF_KEI(4.0),Key short-term economic indicators,I,USA,United States,M,Monthly,RS,Reference series (GDP),IX,Index,_T,Total - All activities,RT,Ratio to trend,_Z,Not applicable,2008-02,,102.044709974606,,A,Normal value,0,Units,1,One,,
DATAFLOW,OECD.SDD.STES:DSD_KEI@DF_KEI(4.0),Key short-term economic indicators,I,USA,United States,M,Monthly,RS,Reference series (GDP),IX,Index,_T,Total - All activities,RT,Ratio to trend,_Z,Not applicable,2008-03,,102.007630798413,,A,Normal value,0,Units,1,One,,
DATAFLOW,OECD.SDD.STES:DSD_KEI@DF_KEI(4.0),Key short-term economic indicators,I,USA,United States,M,Monthly,RS,Reference series (GDP),IX,Index,_T,Total - All activities,RT,Ratio to trend,_Z,Not applicable,2008-04,,101.951443644003,,A,Normal value,0,Units,1,One,,
DATAFLOW,OECD.SDD.STES:DSD_KEI@DF_KEI(4.0),Key short-term economic indicators,I,USA,United States,M,Monthly,RS,Reference series (GDP),IX,Index,_T,Total - All activities,RT,Ratio to trend,_Z,Not applicable,2008-05,,101.840495333642,,A,Normal value,0,Units,1,One,,
DATAFLOW,OECD.SDD.STES:DSD_KEI@DF_KEI(4.0),Key short-term economic indicators,I,USA,United States,M,Monthly,RS,Reference series (GDP),IX,Index,_T,Total - All activities,RT,Ratio to trend,_Z,Not applicable,2008-06,,101.638683614561,,A,Normal value,0,Units,1,One,,
DATAFLOW,OECD.SDD.STES:DSD_KEI@DF_KEI(4.0),Key short-term economic indicators,I,USA,United States,M,Monthly,RS,Reference series (GDP),IX,Index,_T,Total - All activities,RT,Ratio to trend,_Z,Not applicable,2008-07,,101.326975011276,,A,Normal value,0,Units,1,One,,
DATAFLOW,OECD.SDD.STES:DSD_KEI@DF_KEI(4.0),Key short-term economic indicators,I,USA,United States,M,Monthly,RS,Reference series (GDP),IX,Index,_T,Total - All activities,RT,Ratio to trend,_Z,Not applicable,2008-08,,100.900208866245,,A,Normal value,0,Units,1,One,,
DATAFLOW,OECD.SDD.STES:DSD_KEI@DF_KEI(4.0),Key short-term economic indicators,I,USA,United States,M,Monthly,RS,Reference series (GDP),IX,Index,_T,Total - All activities,RT,Ratio to trend,_Z,Not applicable,2008-09,,100.371691160753,,A,Normal value,0,Units,1,One,,
DATAFLOW,OECD.SDD.STES:DSD_KEI@DF_KEI(4.0),Key short-term economic indicators,I,USA,United States,M,Monthly,RS,Reference series (GDP),IX,Index,_T,Total - All activities,RT,Ratio to trend,_Z,Not applicable,2008-10,,99.7857012260837,,A,Normal value,0,Units,1,One,,
DATAFLOW,OECD.SDD.STES:DSD_KEI@DF_KEI(4.0),Key short-term economic indicators,I,USA,United States,M,Monthly,RS,Reference series (GDP),IX,Index,_T,Total - All activities,RT,Ratio to trend,_Z,Not applicable,2008-11,,99.1971096631721,,A,Normal value,0,Units,1,One,,
DATAFLOW,OECD.SDD.STES:DSD_KEI@DF_KEI(4.0),Key short-term economic indicators,I,USA,United States,M,Monthly,RS,Reference series (GDP),IX,Index,_T,Total - All activities,RT,Ratio to trend,_Z,Not applicable,2008-12,,98.6556660790368,,A,Normal value,0,Units,1,One,,
DATAFLOW,OECD.SDD.STES:DSD_KEI@DF_KEI(4.0),Key short-term economic indicators,I,USA,United States,M,Monthly,RS,Reference series (GDP),IX,Index,_T,Total - All activities,RT,Ratio to trend,_Z,Not applicable,2009-01,,98.1911127476614,,A,Normal value,0,Units,1,One,,
DATAFLOW,OECD.SDD.STES:DSD_KEI@DF_KEI(4.0),Key short-term economic indicators,I,USA,United States,M,Monthly,RS,Reference series (GDP),IX,Index,_T,Total - All activities,RT,Ratio to trend,_Z,Not applicable,2009-02,,97.8212967840969,,A,Normal value,0,Units,1,One,,
DATAFLOW,OECD.SDD.STES:DSD_KEI@DF_KEI(4.0),Key short-term economic indicators,I,USA,United States,M,Monthly,RS,Reference series (GDP),IX,Index,_T,Total - All activities,RT,Ratio to trend,_Z,Not applicable,2009-03,,97.55460727399,,A,Normal value,0,Units,1,One,,
DATAFLOW,OECD.SDD.STES:DSD_KEI@DF_KEI(4.0),Key short-term economic indicators,I,USA,United States,M,Monthly,RS,Reference series (GDP),IX,Index,_T,Total - All activities,RT,Ratio to trend,_Z,Not applicable,2009-04,,97.3854938376425,,A,Normal value,0,Units,1,One,,
DATAFLOW,OECD.SDD.STES:DSD_KEI@DF_KEI(4.0),Key short-term economic indicators,I,USA,United States,M,Monthly,RS,Reference series (GDP),IX,Index,_T,Total - All activities,RT,Ratio to trend,_Z,Not applicable,2009-05,,97.3050422584051,,A,Normal value,0,Units,1,One,,
DATAFLOW,OECD.SDD.STES:DSD_KEI@DF_KEI(4.0),Key short-term economic indicators,I,USA,United States,M,Monthly,RS,Reference series (GDP),IX,Index,_T,Total - All activities,RT,Ratio to trend,_Z,Not applicable,2009-06,,97.3043290929648,,A,Normal value,0,Units,1,One,,
DATAFLOW,OECD.SDD.STES:DSD_KEI@DF_KEI(4.0),Key short-term economic indicators,I,USA,United States,M,Monthly,RS,Reference series (GDP),IX,Index,_T,Total - All activities,RT,Ratio to trend,_Z,Not applicable,2009-07,,97.3713080486951,,A,Normal value,0,Units,1,One,,
DATAFLOW,OECD.SDD.STES:DSD_KEI@DF_KEI(4.0),Key short-term economic indicators,I,USA,United States,M,Monthly,RS,Reference series (GDP),IX,Index,_T,Total - All activities,RT,Ratio to trend,_Z,Not applicable,2009-08,,97.4942031699163,,A,Normal value,0,Units,1,One,,
DATAFLOW,OECD.SDD.STES:DSD_KEI@DF_KEI(4.0),Key short-term economic indicators,I,USA,United States,M,Monthly,RS,Reference series (GDP),IX,Index,_T,Total - All activities,RT,Ratio to trend,_Z,Not applicable,2009-09,,97.6599172614097,,A,Normal value,0,Units,1,One,,
DATAFLOW,OECD.SDD.STES:DSD_KEI@DF_KEI(4.0),Key short-term economic indicators,I,USA,United States,M,Monthly,RS,Reference series (GDP),IX,Index,_T,Total - All activities,RT,Ratio to trend,_Z,Not applicable,2009-10,,97.8482691982586,,A,Normal value,0,Units,1,One,,
DATAFLOW,OECD.SDD.STES:DSD_KEI@DF_KEI(4.0),Key short-term economic indicators,I,USA,United States,M,Monthly,RS,Reference series (GDP),IX,Index,_T,Total - All activities,RT,Ratio to trend,_Z,Not applicable,2009-11,,98.0400556431887,,A,Normal value,0,Units,1,One,,
DATAFLOW,OECD.SDD.STES:DSD_KEI@DF_KEI(4.0),Key short-term economic indicators,I,USA,United States,M,Monthly,RS,Reference series (GDP),IX,Index,_T,Total - All activities,RT,Ratio to trend,_Z,Not applicable,2009-12,,98.2233778929352,,A,Normal value,0,Units,1,One,,
DATAFLOW,OECD.SDD.STES:DSD_KEI@DF_KEI(4.0),Key short-term economic indicators,I,USA,United States,M,Monthly,RS,Reference series (GDP),IX,Index,_T,Total - All activities,RT,Ratio to trend,_Z,Not applicable,2010-01,,98.3995950090535,,A,Normal value,0,Units,1,One,,
DATAFLOW,OECD.SDD.STES:DSD_KEI@DF_KEI(4.0),Key short-term economic indicators,I,USA,United States,M,Monthly,RS,Reference series (GDP),IX,Index,_T,Total - All activities,RT,Ratio to trend,_Z,Not applicable,2010-02,,98.5759571990959,,A,Normal value,0,Units,1,One,,
DATAFLOW,OECD.SDD.STES:DSD_KEI@DF_KEI(4.0),Key short-term economic indicators,I,USA,United States,M,Monthly,RS,Reference series (GDP),IX,Index,_T,Total - All activities,RT,Ratio to trend,_Z,Not applicable,2010-03,,98.7584970010171,,A,Normal value,0,Units,1,One,,
DATAFLOW,OECD.SDD.STES:DSD_KEI@DF_KEI(4.0),Key short-term economic indicators,I,USA,United States,M,Monthly,RS,Reference series (GDP),IX,Index,_T,Total - All activities,RT,Ratio to trend,_Z,Not applicable,2010-04,,98.9446587920409,,A,Normal value,0,Units,1,One,,
DATAFLOW,OECD.SDD.STES:DSD_KEI@DF_KEI(4.0),Key short-term economic indicators,I,USA,United States,M,Monthly,RS,Reference series (GDP),IX,Index,_T,Total - All activities,RT,Ratio to trend,_Z,Not applicable,2010-05,,99.1267073486058,,A,Normal value,0,Units,1,One,,
DATAFLOW,OECD.SDD.STES:DSD_KEI@DF_KEI(4.0),Key short-term economic indicators,I,USA,United States,M,Monthly,RS,Reference series (GDP),IX,Index,_T,Total - All activities,RT,Ratio to trend,_Z,Not applicable,2010-06,,99.2946768926033,,A,Normal value,0,Units,1,One,,
DATAFLOW,OECD.SDD.STES:DSD_KEI@DF_KEI(4.0),Key short-term economic indicators,I,USA,United States,M,Monthly,RS,Reference series (GDP),IX,Index,_T,Total - All activities,RT,Ratio to trend,_Z,Not applicable,2010-07,,99.4394174468166,,A,Normal value,0,Units,1,One,,
DATAFLOW,OECD.SDD.STES:DSD_KEI@DF_KEI(4.0),Key short-term economic indicators,I,USA,United States,M,Monthly,RS,Reference series (GDP),IX,Index,_T,Total - All activities,RT,Ratio to trend,_Z,Not applicable,2010-08,,99.5520009027307,,A,Normal value,0,Units,1,One,,
DATAFLOW,OECD.SDD.STES:DSD_KEI@DF_KEI(4.0),Key short-term economic indicators,I,USA,United States,M,Monthly,RS,Reference series (GDP),IX,Index,_T,Total - All activities,RT,Ratio to trend,_Z,Not applicable,2010-09,,99.6245769304108,,A,Normal value,0,Units,1,One,,
DATAFLOW,OECD.SDD.STES:DSD_KEI@DF_KEI(4.0),Key short-term economic indicators,I,USA,United States,M,Monthly,RS,Reference series (GDP),IX,Index,_T,Total - All activities,RT,Ratio to trend,_Z,Not applicable,2010-10,,99.6533180248865,,A,Normal value,0,Units,1,One,,
DATAFLOW,OECD.SDD.STES:DSD_KEI@DF_KEI(4.0),Key short-term economic indicators,I,USA,United States,M,Monthly,RS,Reference series (GDP),IX,Index,_T,Total - All activities,RT,Ratio to trend,_Z,Not applicable,2010-11,,99.6382835135927,,A,Normal value,0,Units,1,One,,
DATAFLOW,OECD.SDD.STES:DSD_KEI@DF_KEI(4.0),Key short-term economic indicators,I,USA,United States,M,Monthly,RS,Reference series (GDP),IX,Index,_T,Total - All activities,RT,Ratio to trend,_Z,Not applicable,2010-12,,99.5861858875994,,A,Normal value,0,Units,1,One,,
DATAFLOW,OECD.SDD.STES:DSD_KEI@DF_KEI(4.0),Key short-term economic indicators,I,USA,United States,M,Monthly,RS,Reference series (GDP),IX,Index,_T,Total - All activities,RT,Ratio to trend,_Z,Not applicable,2011-01,,99.5160370247665,,A,Normal value,0,Units,1,One,,
DATAFLOW,OECD.SDD.STES:DSD_KEI@DF_KEI(4.0),Key short-term economic indicators,I,USA,United States,M,Monthly,RS,Reference series (GDP),IX,Index,_T,Total - All activities,RT,Ratio to trend,_Z,Not applicable,2011-02,,99.4491124641154,,A,Normal value,0,Units,1,One,,
DATAFLOW,OECD.SDD.STES:DSD_KEI@DF_KEI(4.0),Key short-term economic indicators,I,USA,United States,M,Monthly,RS,Reference series (GDP),IX,Index,_T,Total - All activities,RT,Ratio to trend,_Z,Not applicable,2011-03,,99.4000630062911,,A,Normal value,0,Units,1,One,,
DATAFLOW,OECD.SDD.STES:DSD_KEI@DF_KEI(4.0),Key short-term economic indicators,I,USA,United States,M,Monthly,RS,Reference series (GDP),IX,Index,_T,Total - All activities,RT,Ratio to trend,_Z,Not applicable,2011-04,,99.3676500123206,,A,Normal value,0,Units,1,One,,
DATAFLOW,OECD.SDD.STES:DSD_KEI@DF_KEI(4.0),Key short-term economic indicators,I,USA,United States,M,Monthly,RS,Reference series (GDP),IX,Index,_T,Total - All activities,RT,Ratio to trend,_Z,Not applicable,2011-05,,99.3457260274731,,A,Normal value,0,Units,1,One,,
DATAFLOW,OECD.SDD.STES:DSD_KEI@DF_KEI(4.0),Key short-term economic indicators,I,USA,United States,M,Monthly,RS,Reference series (GDP),IX,Index,_T,Total - All activities,RT,Ratio to trend,_Z,Not applicable,2011-06,,99.332748071363,,A,Normal value,0,Units,1,One,,
DATAFLOW,OECD.SDD.STES:DSD_KEI@DF_KEI(4.0),Key short-term economic indicators,I,USA,United States,M,Monthly,RS,Reference series (GDP),IX,Index,_T,Total - All activities,RT,Ratio to trend,_Z,Not applicable,2011-07,,99.3402954539869,,A,Normal value,0,Units,1,One,,
DATAFLOW,OECD.SDD.STES:DSD_KEI@DF_KEI(4.0),Key short-term economic indicators,I,USA,United States,M,Monthly,RS,Reference series (GDP),IX,Index,_T,Total - All activities,RT,Ratio to trend,_Z,Not applicable,2011-08,,99.3842403662229,,A,Normal value,0,Units,1,One,,
DATAFLOW,OECD.SDD.STES:DSD_KEI@DF_KEI(4.0),Key short-term economic indicators,I,USA,United States,M,Monthly,RS,Reference series (GDP),IX,Index,_T,Total - All activities,RT,Ratio to trend,_Z,Not applicable,2011-09,,99.4742711149178,,A,Normal value,0,Units,1,One,,
DATAFLOW,OECD.SDD.STES:DSD_KEI@DF_KEI(4.0),Key short-term economic indicators,I,USA,United States,M,Monthly,RS,Reference series (GDP),IX,Index,_T,Total - All activities,RT,Ratio to trend,_Z,Not applicable,2011-10,,99.6005587269576,,A,Normal value,0,Units,1,One,,
DATAFLOW,OECD.SDD.STES:DSD_KEI@DF_KEI(4.0),Key short-term economic indicators,I,USA,United States,M,Monthly,RS,Reference series (GDP),IX,Index,_T,Total - All activities,RT,Ratio to trend,_Z,Not applicable,2011-11,,99.7440408637849,,A,Normal value,0,Units,1,One,,
DATAFLOW,OECD.SDD.STES:DSD_KEI@DF_KEI(4.0),Key short-term economic indicators,I,USA,United States,M,Monthly,RS,Reference series (GDP),IX,Index,_T,Total - All activities,RT,Ratio to trend,_Z,Not applicable,2011-12,,99.8838424652285,,A,Normal value,0,Units,1,One,,
DATAFLOW,OECD.SDD.STES:DSD_KEI@DF_KEI(4.0),Key short-term economic indicators,I,USA,United States,M,Monthly,RS,Reference series (GDP),IX,Index,_T,Total - All activities,RT,Ratio to trend,_Z,Not applicable,2012-01,,100.003266808774,,A,Normal value,0,Units,1,One,,
DATAFLOW,OECD.SDD.STES:DSD_KEI@DF_KEI(4.0),Key short-term economic indicators,I,USA,United States,M,Monthly,RS,Reference series (GDP),IX,Index,_T,Total - All activities,RT,Ratio to trend,_Z,Not applicable,2012-02,,100.089363892001,,A,Normal value,0,Units,1,One,,
DATAFLOW,OECD.SDD.STES:DSD_KEI@DF_KEI(4.0),Key short-term economic indicators,I,USA,United States,M,Monthly,RS,Reference series (GDP),IX,Index,_T,Total - All activities,RT,Ratio to trend,_Z,Not applicable,2012-03,,100.133746755222,,A,Normal value,0,Units,1,One,,
DATAFLOW,OECD.SDD.STES:DSD_KEI@DF_KEI(4.0),Key short-term economic indicators,I,USA,United States,M,Monthly,RS,Reference series (GDP),IX,Index,_T,Total - All activities,RT,Ratio to trend,_Z,Not applicable,2012-04,,100.135570047872,,A,Normal value,0,Units,1,One,,
DATAFLOW,OECD.SDD.STES:DSD_KEI@DF_KEI(4.0),Key short-term economic indicators,I,USA,United States,M,Monthly,RS,Reference series (GDP),IX,Index,_T,Total - All activities,RT,Ratio to trend,_Z,Not applicable,2012-05,,100.098034791213,,A,Normal value,0,Units,1,One,,
DATAFLOW,OECD.SDD.STES:DSD_KEI@DF_KEI(4.0),Key short-term economic indicators,I,USA,United States,M,Monthly,RS,Reference series (GDP),IX,Index,_T,Total - All activities,RT,Ratio to trend,_Z,Not applicable,2012-06,,100.027727696549,,A,Normal value,0,Units,1,One,,
DATAFLOW,OECD.SDD.STES:DSD_KEI@DF_KEI(4.0),Key short-term economic indicators,I,USA,United States,M,Monthly,RS,Reference series (GDP),IX,Index,_T,Total - All activities,RT,Ratio to trend,_Z,Not applicable,2012-07,,99.9365790885889,,A,Normal value,0,Units,1,One,,
DATAFLOW,OECD.SDD.STES:DSD_KEI@DF_KEI(4.0),Key short-term economic indicators,I,USA,United States,M,Monthly,RS,Reference series (GDP),IX,Index,_T,Total - All activities,RT,Ratio to trend,_Z,Not applicable,2012-08,,99.8387977629647,,A,Normal value,0,Units,1,One,,
DATAFLOW,OECD.SDD.STES:DSD_KEI@DF_KEI(4.0),Key short-term economic indicators,I,USA,United States,M,Monthly,RS,Reference series (GDP),IX,Index,_T,Total - All activities,RT,Ratio to trend,_Z,Not applicable,2012-09,,99.7491589009034,,A,Normal value,0,Units,1,One,,
DATAFLOW,OECD.SDD.STES:DSD_KEI@DF_KEI(4.0),Key short-term economic indicators,I,USA,United States,M,Monthly,RS,Reference series (GDP),IX,Index,_T,Total - All activities,RT,Ratio to trend,_Z,Not applicable,2012-10,,99.6816387021041,,A,Normal value,0,Units,1,One,,
DATAFLOW,OECD.SDD.STES:DSD_KEI@DF_KEI(4.0),Key short-term economic indicators,I,USA,United States,M,Monthly,RS,Reference series (GDP),IX,Index,_T,Total - All activities,RT,Ratio to trend,_Z,Not applicable,2012-11,,99.6466662442273,,A,Normal value,0,Units,1,One,,
DATAFLOW,OECD.SDD.STES:DSD_KEI@DF_KEI(4.0),Key short-term economic indicators,I,USA,United States,M,Monthly,RS,Reference series (GDP),IX,Index,_T,Total - All activities,RT,Ratio to trend,_Z,Not applicable,2012-12,,99.646651785558,,A,Normal value,0,Units,1,One,,
DATAFLOW,OECD.SDD.STES:DSD_KEI@DF_KEI(4.0),Key short-term economic indicators,I,USA,United States,M,Monthly,RS,Reference series (GDP),IX,Index,_T,Total - All activities,RT,Ratio to trend,_Z,Not applicable,2013-01,,99.6690088414518,,A,Normal value,0,Units,1,One,,
DATAFLOW,OECD.SDD.STES:DSD_KEI@DF_KEI(4.0),Key short-term economic indicators,I,USA,United States,M,Monthly,RS,Reference series (GDP),IX,Index,_T,Total - All activities,RT,Ratio to trend,_Z,Not applicable,2013-02,,99.697210301801,,A,Normal value,0,Units,1,One,,
DATAFLOW,OECD.SDD.STES:DSD_KEI@DF_KEI(4.0),Key short-term economic indicators,I,USA,United States,M,Monthly,RS,Reference series (GDP),IX,Index,_T,Total - All activities,RT,Ratio to trend,_Z,Not applicable,2013-03,,99.7200200412931,,A,Normal value,0,Units,1,One,,
DATAFLOW,OECD.SDD.STES:DSD_KEI@DF_KEI(4.0),Key short-term economic indicators,I,USA,United States,M,Monthly,RS,Reference series (GDP),IX,Index,_T,Total - All activities,RT,Ratio to trend,_Z,Not applicable,2013-04,,99.7401179753291,,A,Normal value,0,Units,1,One,,
DATAFLOW,OECD.SDD.STES:DSD_KEI@DF_KEI(4.0),Key short-term economic indicators,I,USA,United States,M,Monthly,RS,Reference series (GDP),IX,Index,_T,Total - All activities,RT,Ratio to trend,_Z,Not applicable,2013-05,,99.7660142328456,,A,Normal value,0,Units,1,One,,
DATAFLOW,OECD.SDD.STES:DSD_KEI@DF_KEI(4.0),Key short-term economic indicators,I,USA,United States,M,Monthly,RS,Reference series (GDP),IX,Index,_T,Total - All activities,RT,Ratio to trend,_Z,Not applicable,2013-06,,99.804009283681,,A,Normal value,0,Units,1,One,,
DATAFLOW,OECD.SDD.STES:DSD_KEI@DF_KEI(4.0),Key short-term economic indicators,I,USA,United States,M,Monthly,RS,Reference series (GDP),IX,Index,_T,Total - All activities,RT,Ratio to trend,_Z,Not applicable,2013-07,,99.8495913632435,,A,Normal value,0,Units,1,One,,
DATAFLOW,OECD.SDD.STES:DSD_KEI@DF_KEI(4.0),Key short-term economic indicators,I,USA,United States,M,Monthly,RS,Reference series (GDP),IX,Index,_T,Total - All activities,RT,Ratio to trend,_Z,Not applicable,2013-08,,99.8917527530871,,A,Normal value,0,Units,1,One,,
DATAFLOW,OECD.SDD.STES:DSD_KEI@DF_KEI(4.0),Key short-term economic indicators,I,USA,United States,M,Monthly,RS,Reference series (GDP),IX,Index,_T,Total - All activities,RT,Ratio to trend,_Z,Not applicable,2013-09,,99.9165941940918,,A,Normal value,0,Units,1,One,,
DATAFLOW,OECD.SDD.STES:DSD_KEI@DF_KEI(4.0),Key short-term economic indicators,I,USA,United States,M,Monthly,RS,Reference series (GDP),IX,Index,_T,Total - All activities,RT,Ratio to trend,_Z,Not applicable,2013-10,,99.9110271656353,,A,Normal value,0,Units,1,One,,
DATAFLOW,OECD.SDD.STES:DSD_KEI@DF_KEI(4.0),Key short-term economic indicators,I,USA,United States,M,Monthly,RS,Reference series (GDP),IX,Index,_T,Total - All activities,RT,Ratio to trend,_Z,Not applicable,2013-11,,99.8682284325942,,A,Normal value,0,Units,1,One,,
DATAFLOW,OECD.SDD.STES:DSD_KEI@DF_KEI(4.0),Key short-term economic indicators,I,USA,United States,M,Monthly,RS,Reference series (GDP),IX,Index,_T,Total - All activities,RT,Ratio to trend,_Z,Not applicable,2013-12,,99.7950926034874,,A,Normal value,0,Units,1,One,,
DATAFLOW,OECD.SDD.STES:DSD_KEI@DF_KEI(4.0),Key short-term economic indicators,I,USA,United States,M,Monthly,RS,Reference series (GDP),IX,Index,_T,Total - All activities,RT,Ratio to trend,_Z,Not applicable,2014-01,,99.7221197999612,,A,Normal value,0,Units,1,One,,
DATAFLOW,OECD.SDD.STES:DSD_KEI@DF_KEI(4.0),Key short-term economic indicators,I,USA,United States,M,Monthly,RS,Reference series (GDP),IX,Index,_T,Total - All activities,RT,Ratio to trend,_Z,Not applicable,2014-02,,99.6864454016278,,A,Normal value,0,Units,1,One,,
DATAFLOW,OECD.SDD.STES:DSD_KEI@DF_KEI(4.0),Key short-term economic indicators,I,USA,United States,M,Monthly,RS,Reference series (GDP),IX,Index,_T,Total - All activities,RT,Ratio to trend,_Z,Not applicable,2014-03,,99.7149101497852,,A,Normal value,0,Units,1,One,,
DATAFLOW,OECD.SDD.STES:DSD_KEI@DF_KEI(4.0),Key short-term economic indicators,I,USA,United States,M,Monthly,RS,Reference series (GDP),IX,Index,_T,Total - All activities,RT,Ratio to trend,_Z,Not applicable,2014-04,,99.8044237954226,,A,Normal value,0,Units,1,One,,
DATAFLOW,OECD.SDD.STES:DSD_KEI@DF_KEI(4.0),Key short-term economic indicators,I,USA,United States,M,Monthly,RS,Reference series (GDP),IX,Index,_T,Total - All activities,RT,Ratio to trend,_Z,Not applicable,2014-05,,99.9365147586382,,A,Normal value,0,Units,1,One,,
DATAFLOW,OECD.SDD.STES:DSD_KEI@DF_KEI(4.0),Key short-term economic indicators,I,USA,United States,M,Monthly,RS,Reference series (GDP),IX,Index,_T,Total - All activities,RT,Ratio to trend,_Z,Not applicable,2014-06,,100.087203532856,,A,Normal value,0,Units,1,One,,
DATAFLOW,OECD.SDD.STES:DSD_KEI@DF_KEI(4.0),Key short-term economic indicators,I,USA,United States,M,Monthly,RS,Reference series (GDP),IX,Index,_T,Total - All activities,RT,Ratio to trend,_Z,Not applicable,2014-07,,100.233675770852,,A,Normal value,0,Units,1,One,,
DATAFLOW,OECD.SDD.STES:DSD_KEI@DF_KEI(4.0),Key short-term economic indicators,I,USA,United States,M,Monthly,RS,Reference series (GDP),IX,Index,_T,Total - All activities,RT,Ratio to trend,_Z,Not applicable,2014-08,,100.358102196886,,A,Normal value,0,Units,1,One,,
DATAFLOW,OECD.SDD.STES:DSD_KEI@DF_KEI(4.0),Key short-term economic indicators,I,USA,United States,M,Monthly,RS,Reference series (GDP),IX,Index,_T,Total - All activities,RT,Ratio to trend,_Z,Not applicable,2014-09,,100.45166887943,,A,Normal value,0,Units,1,One,,
DATAFLOW,OECD.SDD.STES:DSD_KEI@DF_KEI(4.0),Key short-term economic indicators,I,USA,United States,M,Monthly,RS,Reference series (GDP),IX,Index,_T,Total - All activities,RT,Ratio to trend,_Z,Not applicable,2014-10,,100.520059388884,,A,Normal value,0,Units,1,One,,
DATAFLOW,OECD.SDD.STES:DSD_KEI@DF_KEI(4.0),Key short-term economic indicators,I,USA,United States,M,Monthly,RS,Reference series (GDP),IX,Index,_T,Total - All activities,RT,Ratio to trend,_Z,Not applicable,2014-11,,100.574302089213,,A,Normal value,0,Units,1,One,,
DATAFLOW,OECD.SDD.STES:DSD_KEI@DF_KEI(4.0),Key short-term economic indicators,I,USA,United States,M,Monthly,RS,Reference series (GDP),IX,Index,_T,Total - All activities,RT,Ratio to trend,_Z,Not applicable,2014-12,,100.623308448019,,A,Normal value,0,Units,1,One,,
DATAFLOW,OECD.SDD.STES:DSD_KEI@DF_KEI(4.0),Key short-term economic indicators,I,USA,United States,M,Monthly,RS,Reference series (GDP),IX,Index,_T,Total - All activities,RT,Ratio to trend,_Z,Not applicable,2015-01,,100.667354677911,,A,Normal value,0,Units,1,One,,
DATAFLOW,OECD.SDD.STES:DSD_KEI@DF_KEI(4.0),Key short-term economic indicators,I,USA,United States,M,Monthly,RS,Reference series (GDP),IX,Index,_T,Total - All activities,RT,Ratio to trend,_Z,Not applicable,2015-02,,100.701432246246,,A,Normal value,0,Units,1,One,,
DATAFLOW,OECD.SDD.STES:DSD_KEI@DF_KEI(4.0),Key short-term economic indicators,I,USA,United States,M,Monthly,RS,Reference series (GDP),IX,Index,_T,Total - All activities,RT,Ratio to trend,_Z,Not applicable,2015-03,,100.718877819648,,A,Normal value,0,Units,1,One,,
DATAFLOW,OECD.SDD.STES:DSD_KEI@DF_KEI(4.0),Key short-term economic indicators,I,USA,United States,M,Monthly,RS,Reference series (GDP),IX,Index,_T,Total - All activities,RT,Ratio to trend,_Z,Not applicable,2015-04,,100.715643942586,,A,Normal value,0,Units,1,One,,
DATAFLOW,OECD.SDD.STES:DSD_KEI@DF_KEI(4.0),Key short-term economic indicators,I,USA,United States,M,Monthly,RS,Reference series (GDP),IX,Index,_T,Total - All activities,RT,Ratio to trend,_Z,Not applicable,2015-05,,100.689117675816,,A,Normal value,0,Units,1,One,,
DATAFLOW,OECD.SDD.STES:DSD_KEI@DF_KEI(4.0),Key short-term economic indicators,I,USA,United States,M,Monthly,RS,Reference series (GDP),IX,Index,_T,Total - All activities,RT,Ratio to trend,_Z,Not applicable,2015-06,,100.638371151999,,A,Normal value,0,Units,1,One,,
DATAFLOW,OECD.SDD.STES:DSD_KEI@DF_KEI(4.0),Key short-term economic indicators,I,USA,United States,M,Monthly,RS,Reference series (GDP),IX,Index,_T,Total - All activities,RT,Ratio to trend,_Z,Not applicable,2015-07,,100.566031459852,,A,Normal value,0,Units,1,One,,
DATAFLOW,OECD.SDD.STES:DSD_KEI@DF_KEI(4.0),Key short-term economic indicators,I,USA,United States,M,Monthly,RS,Reference series (GDP),IX,Index,_T,Total - All activities,RT,Ratio to trend,_Z,Not applicable,2015-08,,100.476658996292,,A,Normal value,0,Units,1,One,,
DATAFLOW,OECD.SDD.STES:DSD_KEI@DF_KEI(4.0),Key short-term economic indicators,I,USA,United States,M,Monthly,RS,Reference series (GDP),IX,Index,_T,Total - All activities,RT,Ratio to trend,_Z,Not applicable,2015-09,,100.376653083915,,A,Normal value,0,Units,1,One,,
DATAFLOW,OECD.SDD.STES:DSD_KEI@DF_KEI(4.0),Key short-term economic indicators,I,USA,United States,M,Monthly,RS,Reference series (GDP),IX,Index,_T,Total - All activities,RT,Ratio to trend,_Z,Not applicable,2015-10,,100.275359853755,,A,Normal value,0,Units,1,One,,
DATAFLOW,OECD.SDD.STES:DSD_KEI@DF_KEI(4.0),Key short-term economic indicators,I,USA,United States,M,Monthly,RS,Reference series (GDP),IX,Index,_T,Total - All activities,RT,Ratio to trend,_Z,Not applicable,2015-11,,100.181795096896,,A,Normal value,0,Units,1,One,,
DATAFLOW,OECD.SDD.STES:DSD_KEI@DF_KEI(4.0),Key short-term economic indicators,I,USA,United States,M,Monthly,RS,Reference series (GDP),IX,Index,_T,Total - All activities,RT,Ratio to trend,_Z,Not applicable,2015-12,,100.101484502226,,A,Normal value,0,Units,1,One,,
DATAFLOW,OECD.SDD.STES:DSD_KEI@DF_KEI(4.0),Key short-term economic indicators,I,USA,United States,M,Monthly,RS,Reference series (GDP),IX,Index,_T,Total - All activities,RT,Ratio to trend,_Z,Not applicable,2016-01,,100.032769297095,,A,Normal value,0,Units,1,One,,
DATAFLOW,OECD.SDD.STES:DSD_KEI@DF_KEI(4.0),Key short-term economic indicators,I,USA,United States,M,Monthly,RS,Reference series (GDP),IX,Index,_T,Total - All activities,RT,Ratio to trend,_Z,Not applicable,2016-02,,99.9716180866488,,A,Normal value,0,Units,1,One,,
DATAFLOW,OECD.SDD.STES:DSD_KEI@DF_KEI(4.0),Key short-term economic indicators,I,USA,United States,M,Monthly,RS,Reference series (GDP),IX,Index,_T,Total - All activities,RT,Ratio to trend,_Z,Not applicable,2016-03,,99.9155576752928,,A,Normal value,0,Units,1,One,,
DATAFLOW,OECD.SDD.STES:DSD_KEI@DF_KEI(4.0),Key short-term economic indicators,I,USA,United States,M,Monthly,RS,Reference series (GDP),IX,Index,_T,Total - All activities,RT,Ratio to trend,_Z,Not applicable,2016-04,,99.8670236562451,,A,Normal value,0,Units,1,One,,
DATAFLOW,OECD.SDD.STES:DSD_KEI@DF_KEI(4.0),Key short-term economic indicators,I,USA,United States,M,Monthly,RS,Reference series (GDP),IX,Index,_T,Total - All activities,RT,Ratio to trend,_Z,Not applicable,2016-05,,99.8302305364616,,A,Normal value,0,Units,1,One,,
DATAFLOW,OECD.SDD.STES:DSD_KEI@DF_KEI(4.0),Key short-term economic indicators,I,USA,United States,M,Monthly,RS,Reference series (GDP),IX,Index,_T,Total - All activities,RT,Ratio to trend,_Z,Not applicable,2016-06,,99.8075085574418,,A,Normal value,0,Units,1,One,,
DATAFLOW,OECD.SDD.STES:DSD_KEI@DF_KEI(4.0),Key short-term economic indicators,I,USA,United States,M,Monthly,RS,Reference series (GDP),IX,Index,_T,Total - All activities,RT,Ratio to trend,_Z,Not applicable,2016-07,,99.7947990227423,,A,Normal value,0,Units,1,One,,
DATAFLOW,OECD.SDD.STES:DSD_KEI@DF_KEI(4.0),Key short-term economic indicators,I,USA,United States,M,Monthly,RS,Reference series (GDP),IX,Index,_T,Total - All activities,RT,Ratio to trend,_Z,Not applicable,2016-08,,99.7854130089218,,A,Normal value,0,Units,1,One,,
DATAFLOW,OECD.SDD.STES:DSD_KEI@DF_KEI(4.0),Key short-term economic indicators,I,USA,United States,M,Monthly,RS,Reference series (GDP),IX,Index,_T,Total - All activities,RT,Ratio to trend,_Z,Not applicable,2016-09,,99.7730289068533,,A,Normal value,0,Units,1,One,,
DATAFLOW,OECD.SDD.STES:DSD_KEI@DF_KEI(4.0),Key short-term economic indicators,I,USA,United States,M,Monthly,RS,Reference series (GDP),IX,Index,_T,Total - All activities,RT,Ratio to trend,_Z,Not applicable,2016-10,,99.7544171070666,,A,Normal value,0,Units,1,One,,
DATAFLOW,OECD.SDD.STES:DSD_KEI@DF_KEI(4.0),Key short-term economic indicators,I,USA,United States,M,Monthly,RS,Reference series (GDP),IX,Index,_T,Total - All activities,RT,Ratio to trend,_Z,Not applicable,2016-11,,99.7287699499196,,A,Normal value,0,Units,1,One,,
DATAFLOW,OECD.SDD.STES:DSD_KEI@DF_KEI(4.0),Key short-term economic indicators,I,USA,United States,M,Monthly,RS,Reference series (GDP),IX,Index,_T,Total - All activities,RT,Ratio to trend,_Z,Not applicable,2016-12,,99.6974605743867,,A,Normal value,0,Units,1,One,,
DATAFLOW,OECD.SDD.STES:DSD_KEI@DF_KEI(4.0),Key short-term economic indicators,I,USA,United States,M,Monthly,RS,Reference series (GDP),IX,Index,_T,Total - All activities,RT,Ratio to trend,_Z,Not applicable,2017-01,,99.6642893528455,,A,Normal value,0,Units,1,One,,
DATAFLOW,OECD.SDD.STES:DSD_KEI@DF_KEI(4.0),Key short-term economic indicators,I,USA,United States,M,Monthly,RS,Reference series (GDP),IX,Index,_T,Total - All activities,RT,Ratio to trend,_Z,Not applicable,2017-02,,99.6345897706141,,A,Normal value,0,Units,1,One,,
DATAFLOW,OECD.SDD.STES:DSD_KEI@DF_KEI(4.0),Key short-term economic indicators,I,USA,United States,M,Monthly,RS,Reference series (GDP),IX,Index,_T,Total - All activities,RT,Ratio to trend,_Z,Not applicable,2017-03,,99.6144648590043,,A,Normal value,0,Units,1,One,,
DATAFLOW,OECD.SDD.STES:DSD_KEI@DF_KEI(4.0),Key short-term economic indicators,I,USA,United States,M,Monthly,RS,Reference series (GDP),IX,Index,_T,Total - All activities,RT,Ratio to trend,_Z,Not applicable,2017-04,,99.6097749938384,,A,Normal value,0,Units,1,One,,
DATAFLOW,OECD.SDD.STES:DSD_KEI@DF_KEI(4.0),Key short-term economic indicators,I,USA,United States,M,Monthly,RS,Reference series (GDP),IX,Index,_T,Total - All activities,RT,Ratio to trend,_Z,Not applicable,2017-05,,99.626233363114,,A,Normal value,0,Units,1,One,,
DATAFLOW,OECD.SDD.STES:DSD_KEI@DF_KEI(4.0),Key short-term economic indicators,I,USA,United States,M,Monthly,RS,Reference series (GDP),IX,Index,_T,Total - All activities,RT,Ratio to trend,_Z,Not applicable,2017-06,,99.6683889358019,,A,Normal value,0,Units,1,One,,
DATAFLOW,OECD.SDD.STES:DSD_KEI@DF_KEI(4.0),Key short-term economic indicators,I,USA,United States,M,Monthly,RS,Reference series (GDP),IX,Index,_T,Total - All activities,RT,Ratio to trend,_Z,Not applicable,2017-07,,99.7370831418054,,A,Normal value,0,Units,1,One,,
DATAFLOW,OECD.SDD.STES:DSD_KEI@DF_KEI(4.0),Key short-term economic indicators,I,USA,United States,M,Monthly,RS,Reference series (GDP),IX,Index,_T,Total - All activities,RT,Ratio to trend,_Z,Not applicable,2017-08,,99.8305642817934,,A,Normal value,0,Units,1,One,,
DATAFLOW,OECD.SDD.STES:DSD_KEI@DF_KEI(4.0),Key short-term economic indicators,I,USA,United States,M,Monthly,RS,Reference series (GDP),IX,Index,_T,Total - All activities,RT,Ratio to trend,_Z,Not applicable,2017-09,,99.9436642399563,,A,Normal value,0,Units,1,One,,
DATAFLOW,OECD.SDD.STES:DSD_KEI@DF_KEI(4.0),Key short-term economic indicators,I,USA,United States,M,Monthly,RS,Reference series (GDP),IX,Index,_T,Total - All activities,RT,Ratio to trend,_Z,Not applicable,2017-10,,100.065160349534,,A,Normal value,0,Units,1,One,,
DATAFLOW,OECD.SDD.STES:DSD_KEI@DF_KEI(4.0),Key short-term economic indicators,I,USA,United States,M,Monthly,RS,Reference series (GDP),IX,Index,_T,Total - All activities,RT,Ratio to trend,_Z,Not applicable,2017-11,,100.181930308664,,A,Normal value,0,Units,1,One,,
DATAFLOW,OECD.SDD.STES:DSD_KEI@DF_KEI(4.0),Key short-term economic indicators,I,USA,United States,M,Monthly,RS,Reference series (GDP),IX,Index,_T,Total - All activities,RT,Ratio to trend,_Z,Not applicable,2017-12,,100.282485748625,,A,Normal value,0,Units,1,One,,
DATAFLOW,OECD.SDD.STES:DSD_KEI@DF_KEI(4.0),Key short-term economic indicators,I,USA,United States,M,Monthly,RS,Reference series (GDP),IX,Index,_T,Total - All activities,RT,Ratio to trend,_Z,Not applicable,2018-01,,100.360831799701,,A,Normal value,0,Units,1,One,,
DATAFLOW,OECD.SDD.STES:DSD_KEI@DF_KEI(4.0),Key short-term economic indicators,I,USA,United States,M,Monthly,RS,Reference series (GDP),IX,Index,_T,Total - All activities,RT,Ratio to trend,_Z,Not applicable,2018-02,,100.414252182047,,A,Normal value,0,Units,1,One,,
DATAFLOW,OECD.SDD.STES:DSD_KEI@DF_KEI(4.0),Key short-term economic indicators,I,USA,United States,M,Monthly,RS,Reference series (GDP),IX,Index,_T,Total - All activities,RT,Ratio to trend,_Z,Not applicable,2018-03,,100.44267142026,,A,Normal value,0,Units,1,One,,
DATAFLOW,OECD.SDD.STES:DSD_KEI@DF_KEI(4.0),Key short-term economic indicators,I,USA,United States,M,Monthly,RS,Reference series (GDP),IX,Index,_T,Total - All activities,RT,Ratio to trend,_Z,Not applicable,2018-04,,100.449796859178,,A,Normal value,0,Units,1,One,,
DATAFLOW,OECD.SDD.STES:DSD_KEI@DF_KEI(4.0),Key short-term economic indicators,I,USA,United States,M,Monthly,RS,Reference series (GDP),IX,Index,_T,Total - All activities,RT,Ratio to trend,_Z,Not applicable,2018-05,,100.439427722016,,A,Normal value,0,Units,1,One,,
DATAFLOW,OECD.SDD.STES:DSD_KEI@DF_KEI(4.0),Key short-term economic indicators,I,USA,United States,M,Monthly,RS,Reference series (GDP),IX,Index,_T,Total - All activities,RT,Ratio to trend,_Z,Not applicable,2018-06,,100.413321635097,,A,Normal value,0,Units,1,One,,
DATAFLOW,OECD.SDD.STES:DSD_KEI@DF_KEI(4.0),Key short-term economic indicators,I,USA,United States,M,Monthly,RS,Reference series (GDP),IX,Index,_T,Total - All activities,RT,Ratio to trend,_Z,Not applicable,2018-07,,100.370357477802,,A,Normal value,0,Units,1,One,,
DATAFLOW,OECD.SDD.STES:DSD_KEI@DF_KEI(4.0),Key short-term economic indicators,I,USA,United States,M,Monthly,RS,Reference series (GDP),IX,Index,_T,Total - All activities,RT,Ratio to trend,_Z,Not applicable,2018-08,,100.309164802701,,A,Normal value,0,Units,1,One,,
DATAFLOW,OECD.SDD.STES:DSD_KEI@DF_KEI(4.0),Key short-term economic indicators,I,USA,United States,M,Monthly,RS,Reference series (GDP),IX,Index,_T,Total - All activities,RT,Ratio to trend,_Z,Not applicable,2018-09,,100.231988015826,,A,Normal value,0,Units,1,One,,
DATAFLOW,OECD.SDD.STES:DSD_KEI@DF_KEI(4.0),Key short-term economic indicators,I,USA,United States,M,Monthly,RS,Reference series (GDP),IX,Index,_T,Total - All activities,RT,Ratio to trend,_Z,Not applicable,2018-10,,100.149870171996,,A,Normal value,0,Units,1,One,,
DATAFLOW,OECD.SDD.STES:DSD_KEI@DF_KEI(4.0),Key short-term economic indicators,I,USA,United States,M,Monthly,RS,Reference series (GDP),IX,Index,_T,Total - All activities,RT,Ratio to trend,_Z,Not applicable,2018-11,,100.077550780383,,A,Normal value,0,Units,1,One,,
DATAFLOW,OECD.SDD.STES:DSD_KEI@DF_KEI(4.0),Key short-term economic indicators,I,USA,United States,M,Monthly,RS,Reference series (GDP),IX,Index,_T,Total - All activities,RT,Ratio to trend,_Z,Not applicable,2018-12,,100.028820534081,,A,Normal value,0,Units,1,One,,
DATAFLOW,OECD.SDD.STES:DSD_KEI@DF_KEI(4.0),Key short-term economic indicators,I,USA,United States,M,Monthly,RS,Reference series (GDP),IX,Index,_T,Total - All activities,RT,Ratio to trend,_Z,Not applicable,2019-01,,100.011278665865,,A,Normal value,0,Units,1,One,,
DATAFLOW,OECD.SDD.STES:DSD_KEI@DF_KEI(4.0),Key short-term economic indicators,I,USA,United States,M,Monthly,RS,Reference series (GDP),IX,Index,_T,Total - All activities,RT,Ratio to trend,_Z,Not applicable,2019-02,,100.02907815622,,A,Normal value,0,Units,1,One,,
DATAFLOW,OECD.SDD.STES:DSD_KEI@DF_KEI(4.0),Key short-term economic indicators,I,USA,United States,M,Monthly,RS,Reference series (GDP),IX,Index,_T,Total - All activities,RT,Ratio to trend,_Z,Not applicable,2019-03,,100.083461283753,,A,Normal value,0,Units,1,One,,
DATAFLOW,OECD.SDD.STES:DSD_KEI@DF_KEI(4.0),Key short-term economic indicators,I,USA,United States,M,Monthly,RS,Reference series (GDP),IX,Index,_T,Total - All activities,RT,Ratio to trend,_Z,Not applicable,2019-04,,100.170786768624,,A,Normal value,0,Units,1,One,,
DATAFLOW,OECD.SDD.STES:DSD_KEI@DF_KEI(4.0),Key short-term economic indicators,I,USA,United States,M,Monthly,RS,Reference series (GDP),IX,Index,_T,Total - All activities,RT,Ratio to trend,_Z,Not applicable,2019-05,,100.284876132513,,A,Normal value,0,Units,1,One,,
DATAFLOW,OECD.SDD.STES:DSD_KEI@DF_KEI(4.0),Key short-term economic indicators,I,USA,United States,M,Monthly,RS,Reference series (GDP),IX,Index,_T,Total - All activities,RT,Ratio to trend,_Z,Not applicable,2019-06,,100.417008163604,,A,Normal value,0,Units,1,One,,
DATAFLOW,OECD.SDD.STES:DSD_KEI@DF_KEI(4.0),Key short-term economic indicators,I,USA,United States,M,Monthly,RS,Reference series (GDP),IX,Index,_T,Total - All activities,RT,Ratio to trend,_Z,Not applicable,2019-07,,100.554007165832,,A,Normal value,0,Units,1,One,,
DATAFLOW,OECD.SDD.STES:DSD_KEI@DF_KEI(4.0),Key short-term economic indicators,I,USA,United States,M,Monthly,RS,Reference series (GDP),IX,Index,_T,Total - All activities,RT,Ratio to trend,_Z,Not applicable,2019-08,,100.682480824343,,A,Normal value,0,Units,1,One,,
DATAFLOW,OECD.SDD.STES:DSD_KEI@DF_KEI(4.0),Key short-term economic indicators,I,USA,United States,M,Monthly,RS,Reference series (GDP),IX,Index,_T,Total - All activities,RT,Ratio to trend,_Z,Not applicable,2019-09,,100.792741447566,,A,Normal value,0,Units,1,One,,
DATAFLOW,OECD.SDD.STES:DSD_KEI@DF_KEI(4.0),Key short-term economic indicators,I,USA,United States,M,Monthly,RS,Reference series (GDP),IX,Index,_T,Total - All activities,RT,Ratio to trend,_Z,Not applicable,2019-10,,100.883366049628,,A,Normal value,0,Units,1,One,,
DATAFLOW,OECD.SDD.STES:DSD_KEI@DF_KEI(4.0),Key short-term economic indicators,I,USA,United States,M,Monthly,RS,Reference series (GDP),IX,Index,_T,Total - All activities,RT,Ratio to trend,_Z,Not applicable,2019-11,,100.955549996779,,A,Normal value,0,Units,1,One,,
DATAFLOW,OECD.SDD.STES:DSD_KEI@DF_KEI(4.0),Key short-term economic indicators,I,USA,United States,M,Monthly,RS,Reference series (GDP),IX,Index,_T,Total - All activities,RT,Ratio to trend,_Z,Not applicable,2019-12,,101.008884052223,,A,Normal value,0,Units,1,One,,
DATAFLOW,OECD.SDD.STES:DSD_KEI@DF_KEI(4.0),Key short-term economic indicators,I,USA,United States,M,Monthly,RS,Reference series (GDP),IX,Index,_T,Total - All activities,RT,Ratio to trend,_Z,Not applicable,2020-01,,101.038490085123,,A,Normal value,0,Units,1,One,,
DATAFLOW,OECD.SDD.STES:DSD_KEI@DF_KEI(4.0),Key short-term economic indicators,I,USA,United States,M,Monthly,RS,Reference series (GDP),IX,Index,_T,Total - All activities,RT,Ratio to trend,_Z,Not applicable,2020-02,,101.035593857883,,A,Normal value,0,Units,1,One,,
DATAFLOW,OECD.SDD.STES:DSD_KEI@DF_KEI(4.0),Key short-term economic indicators,I,USA,United States,M,Monthly,RS,Reference series (GDP),IX,Index,_T,Total - All activities,RT,Ratio to trend,_Z,Not applicable,2020-03,,94.7921876470551,,A,Normal value,0,Units,1,One,,
DATAFLOW,OECD.SDD.STES:DSD_KEI@DF_KEI(4.0),Key short-term economic indicators,I,USA,United States,M,Monthly,RS,Reference series (GDP),IX,Index,_T,Total - All activities,RT,Ratio to trend,_Z,Not applicable,2020-04,,92.0558802788966,,A,Normal value,0,Units,1,One,,
DATAFLOW,OECD.SDD.STES:DSD_KEI@DF_KEI(4.0),Key short-term economic indicators,I,USA,United States,M,Monthly,RS,Reference series (GDP),IX,Index,_T,Total - All activities,RT,Ratio to trend,_Z,Not applicable,2020-05,,90.6504314235864,,A,Normal value,0,Units,1,One,,
DATAFLOW,OECD.SDD.STES:DSD_KEI@DF_KEI(4.0),Key short-term economic indicators,I,USA,United States,M,Monthly,RS,Reference series (GDP),IX,Index,_T,Total - All activities,RT,Ratio to trend,_Z,Not applicable,2020-06,,92.8549258678471,,A,Normal value,0,Units,1,One,,
DATAFLOW,OECD.SDD.STES:DSD_KEI@DF_KEI(4.0),Key short-term economic indicators,I,USA,United States,M,Monthly,RS,Reference series (GDP),IX,Index,_T,Total - All activities,RT,Ratio to trend,_Z,Not applicable,2020-07,,95.0371684040083,,A,Normal value,0,Units,1,One,,
DATAFLOW,OECD.SDD.STES:DSD_KEI@DF_KEI(4.0),Key short-term economic indicators,I,USA,United States,M,Monthly,RS,Reference series (GDP),IX,Index,_T,Total - All activities,RT,Ratio to trend,_Z,Not applicable,2020-08,,97.1927084419029,,A,Normal value,0,Units,1,One,,
DATAFLOW,OECD.SDD.STES:DSD_KEI@DF_KEI(4.0),Key short-term economic indicators,I,USA,United States,M,Monthly,RS,Reference series (GDP),IX,Index,_T,Total - All activities,RT,Ratio to trend,_Z,Not applicable,2020-09,,97.3607218232839,,A,Normal value,0,Units,1,One,,
DATAFLOW,OECD.SDD.STES:DSD_KEI@DF_KEI(4.0),Key short-term economic indicators,I,USA,United States,M,Monthly,RS,Reference series (GDP),IX,Index,_T,Total - All activities,RT,Ratio to trend,_Z,Not applicable,2020-10,,97.5304425495023,,A,Normal value,0,Units,1,One,,
DATAFLOW,OECD.SDD.STES:DSD_KEI@DF_KEI(4.0),Key short-term economic indicators,I,USA,United States,M,Monthly,RS,Reference series (GDP),IX,Index,_T,Total - All activities,RT,Ratio to trend,_Z,Not applicable,2020-11,,97.714834668925,,A,Normal value,0,Units,1,One,,
DATAFLOW,OECD.SDD.STES:DSD_KEI@DF_KEI(4.0),Key short-term economic indicators,I,USA,United States,M,Monthly,RS,Reference series (GDP),IX,Index,_T,Total - All activities,RT,Ratio to trend,_Z,Not applicable,2020-12,,98.0395200927779,,A,Normal value,0,Units,1,One,,
DATAFLOW,OECD.SDD.STES:DSD_KEI@DF_KEI(4.0),Key short-term economic indicators,I,USA,United States,M,Monthly,RS,Reference series (GDP),IX,Index,_T,Total - All activities,RT,Ratio to trend,_Z,Not applicable,2021-01,,98.3909970357509,,A,Normal value,0,Units,1,One,,
DATAFLOW,OECD.SDD.STES:DSD_KEI@DF_KEI(4.0),Key short-term economic indicators,I,USA,United States,M,Monthly,RS,Reference series (GDP),IX,Index,_T,Total - All activities,RT,Ratio to trend,_Z,Not applicable,2021-02,,98.7284085790415,,A,Normal value,0,Units,1,One,,
DATAFLOW,OECD.SDD.STES:DSD_KEI@DF_KEI(4.0),Key short-term economic indicators,I,USA,United States,M,Monthly,RS,Reference series (GDP),IX,Index,_T,Total - All activities,RT,Ratio to trend,_Z,Not applicable,2021-03,,98.9628648942489,,A,Normal value,0,Units,1,One,,
DATAFLOW,OECD.SDD.STES:DSD_KEI@DF_KEI(4.0),Key short-term economic indicators,I,USA,United States,M,Monthly,RS,Reference series (GDP),IX,Index,_T,Total - All activities,RT,Ratio to trend,_Z,Not applicable,2021-04,,99.1617533436755,,A,Normal value,0,Units,1,One,,
DATAFLOW,OECD.SDD.STES:DSD_KEI@DF_KEI(4.0),Key short-term economic indicators,I,USA,United States,M,Monthly,RS,Reference series (GDP),IX,Index,_T,Total - All activities,RT,Ratio to trend,_Z,Not applicable,2021-05,,99.3380570683009,,A,Normal value,0,Units,1,One,,
DATAFLOW,OECD.SDD.STES:DSD_KEI@DF_KEI(4.0),Key short-term economic indicators,I,USA,United States,M,Monthly,RS,Reference series (GDP),IX,Index,_T,Total - All activities,RT,Ratio to trend,_Z,Not applicable,2021-06,,99.5434323371227,,A,Normal value,0,Units,1,One,,
DATAFLOW,OECD.SDD.STES:DSD_KEI@DF_KEI(4.0),Key short-term economic indicators,I,USA,United States,M,Monthly,RS,Reference series (GDP),IX,Index,_T,Total - All activities,RT,Ratio to trend,_Z,Not applicable,2021-07,,99.7633731387842,,A,Normal value,0,Units,1,One,,
DATAFLOW,OECD.SDD.STES:DSD_KEI@DF_KEI(4.0),Key short-term economic indicators,I,USA,United States,M,Monthly,RS,Reference series (GDP),IX,Index,_T,Total - All activities,RT,Ratio to trend,_Z,Not applicable,2021-08,,99.9853669613846,,A,Normal value,0,Units,1,One,,
DATAFLOW,OECD.SDD.STES:DSD_KEI@DF_KEI(4.0),Key short-term economic indicators,I,USA,United States,M,Monthly,RS,Reference series (GDP),IX,Index,_T,Total - All activities,RT,Ratio to trend,_Z,Not applicable,2021-09,,100.190305744447,,A,Normal value,0,Units,1,One,,
DATAFLOW,OECD.SDD.STES:DSD_KEI@DF_KEI(4.0),Key short-term economic indicators,I,USA,United States,M,Monthly,RS,Reference series (GDP),IX,Index,_T,Total - All activities,RT,Ratio to trend,_Z,Not applicable,2021-10,,100.343661674231,,A,Normal value,0,Units,1,One,,
DATAFLOW,OECD.SDD.STES:DSD_KEI@DF_KEI(4.0),Key short-term economic indicators,I,USA,United States,M,Monthly,RS,Reference series (GDP),IX,Index,_T,Total - All activities,RT,Ratio to trend,_Z,Not applicable,2021-11,,100.40918550366,,A,Normal value,0,Units,1,One,,
DATAFLOW,OECD.SDD.STES:DSD_KEI@DF_KEI(4.0),Key short-term economic indicators,I,USA,United States,M,Monthly,RS,Reference series (GDP),IX,Index,_T,Total - All activities,RT,Ratio to trend,_Z,Not applicable,2021-12,,100.366361600275,,A,Normal value,0,Units,1,One,,
DATAFLOW,OECD.SDD.STES:DSD_KEI@DF_KEI(4.0),Key short-term economic indicators,I,USA,United States,M,Monthly,RS,Reference series (GDP),IX,Index,_T,Total - All activities,RT,Ratio to trend,_Z,Not applicable,2022-01,,100.233919112498,,A,Normal value,0,Units,1,One,,
DATAFLOW,OECD.SDD.STES:DSD_KEI@DF_KEI(4.0),Key short-term economic indicators,I,USA,United States,M,Monthly,RS,Reference series (GDP),IX,Index,_T,Total - All activities,RT,Ratio to trend,_Z,Not applicable,2022-02,,100.04860315059,,A,Normal value,0,Units,1,One,,
DATAFLOW,OECD.SDD.STES:DSD_KEI@DF_KEI(4.0),Key short-term economic indicators,I,USA,United States,M,Monthly,RS,Reference series (GDP),IX,Index,_T,Total - All activities,RT,Ratio to trend,_Z,Not applicable,2022-03,,99.8502626160852,,A,Normal value,0,Units,1,One,,
DATAFLOW,OECD.SDD.STES:DSD_KEI@DF_KEI(4.0),Key short-term economic indicators,I,USA,United States,M,Monthly,RS,Reference series (GDP),IX,Index,_T,Total - All activities,RT,Ratio to trend,_Z,Not applicable,2022-04,,99.670926969237,,A,Normal value,0,Units,1,One,,
DATAFLOW,OECD.SDD.STES:DSD_KEI@DF_KEI(4.0),Key short-term economic indicators,I,USA,United States,M,Monthly,RS,Reference series (GDP),IX,Index,_T,Total - All activities,RT,Ratio to trend,_Z,Not applicable,2022-05,,99.5336160152991,,A,Normal value,0,Units,1,One,,
DATAFLOW,OECD.SDD.STES:DSD_KEI@DF_KEI(4.0),Key short-term economic indicators,I,USA,United States,M,Monthly,RS,Reference series (GDP),IX,Index,_T,Total - All activities,RT,Ratio to trend,_Z,Not applicable,2022-06,,99.4498764439226,,A,Normal value,0,Units,1,One,,
DATAFLOW,OECD.SDD.STES:DSD_KEI@DF_KEI(4.0),Key short-term economic indicators,I,USA,United States,M,Monthly,RS,Reference series (GDP),IX,Index,_T,Total - All activities,RT,Ratio to trend,_Z,Not applicable,2022-07,,99.4143060184948,,A,Normal value,0,Units,1,One,,
DATAFLOW,OECD.SDD.STES:DSD_KEI@DF_KEI(4.0),Key short-term economic indicators,I,USA,United States,M,Monthly,RS,Reference series (GDP),IX,Index,_T,Total - All activities,RT,Ratio to trend,_Z,Not applicable,2022-08,,99.414173460372,,A,Normal value,0,Units,1,One,,
DATAFLOW,OECD.SDD.STES:DSD_KEI@DF_KEI(4.0),Key short-term economic indicators,I,USA,United States,M,Monthly,RS,Reference series (GDP),IX,Index,_T,Total - All activities,RT,Ratio to trend,_Z,Not applicable,2022-09,,99.4354552501889,,A,Normal value,0,Units,1,One,,
DATAFLOW,OECD.SDD.STES:DSD_KEI@DF_KEI(4.0),Key short-term economic indicators,I,USA,United States,M,Monthly,RS,Reference series (GDP),IX,Index,_T,Total - All activities,RT,Ratio to trend,_Z,Not applicable,2022-10,,99.4662783174572,,A,Normal value,0,Units,1,One,,
DATAFLOW,OECD.SDD.STES:DSD_KEI@DF_KEI(4.0),Key short-term economic indicators,I,USA,United States,M,Monthly,RS,Reference series (GDP),IX,Index,_T,Total - All activities,RT,Ratio to trend,_Z,Not applicable,2022-11,,99.4983503165055,,A,Normal value,0,Units,1,One,,
DATAFLOW,OECD.SDD.STES:DSD_KEI@DF_KEI(4.0),Key short-term economic indicators,I,USA,United States,M,Monthly,RS,Reference series (GDP),IX,Index,_T,Total - All activities,RT,Ratio to trend,_Z,Not applicable,2022-12,,99.5276759200295,,A,Normal value,0,Units,1,One,,
DATAFLOW,OECD.SDD.STES:DSD_KEI@DF_KEI(4.0),Key short-term economic indicators,I,USA,United States,M,Monthly,RS,Reference series (GDP),IX,Index,_T,Total - All activities,RT,Ratio to trend,_Z,Not applicable,2023-01,,99.5551446969956,,A,Normal value,0,Units,1,One,,
DATAFLOW,OECD.SDD.STES:DSD_KEI@DF_KEI(4.0),Key short-term economic indicators,I,USA,United States,M,Monthly,RS,Reference series (GDP),IX,Index,_T,Total - All activities,RT,Ratio to trend,_Z,Not applicable,2023-02,,99.585487157426,,A,Normal value,0,Units,1,One,,
DATAFLOW,OECD.SDD.STES:DSD_KEI@DF_KEI(4.0),Key short-term economic indicators,I,USA,United States,M,Monthly,RS,Reference series (GDP),IX,Index,_T,Total - All activities,RT,Ratio to trend,_Z,Not applicable,2023-03,,99.6263248326819,,A,Normal value,0,Units,1,One,,
DATAFLOW,OECD.SDD.STES:DSD_KEI@DF_KEI(4.0),Key short-term economic indicators,I,USA,United States,M,Monthly,RS,Reference series (GDP),IX,Index,_T,Total - All activities,RT,Ratio to trend,_Z,Not applicable,2023-04,,99.6869797131229,,A,Normal value,0,Units,1,One,,
DATAFLOW,OECD.SDD.STES:DSD_KEI@DF_KEI(4.0),Key short-term economic indicators,I,USA,United States,M,Monthly,RS,Reference series (GDP),IX,Index,_T,Total - All activities,RT,Ratio to trend,_Z,Not applicable,2023-05,,99.7754934876988,,A,Normal value,0,Units,1,One,,
DATAFLOW,OECD.SDD.STES:DSD_KEI@DF_KEI(4.0),Key short-term economic indicators,I,USA,United States,M,Monthly,RS,Reference series (GDP),IX,Index,_T,Total - All activities,RT,Ratio to trend,_Z,Not applicable,2023-06,,99.894181793466,,A,Normal value,0,Units,1,One,,
DATAFLOW,OECD.SDD.STES:DSD_KEI@DF_KEI(4.0),Key short-term economic indicators,I,USA,United States,M,Monthly,RS,Reference series (GDP),IX,Index,_T,Total - All activities,RT,Ratio to trend,_Z,Not applicable,2023-07,,100.033113141073,,A,Normal value,0,Units,1,One,,
DATAFLOW,OECD.SDD.STES:DSD_KEI@DF_KEI(4.0),Key short-term economic indicators,I,USA,United States,M,Monthly,RS,Reference series (GDP),IX,Index,_T,Total - All activities,RT,Ratio to trend,_Z,Not applicable,2023-08,,100.177693005269,,A,Normal value,0,Units,1,One,,
DATAFLOW,OECD.SDD.STES:DSD_KEI@DF_KEI(4.0),Key short-term economic indicators,I,USA,United States,M,Monthly,RS,Reference series (GDP),IX,Index,_T,Total - All activities,RT,Ratio to trend,_Z,Not applicable,2023-09,,100.314734103295,,A,Normal value,0,Units,1,One,,
DATAFLOW,OECD.SDD.STES:DSD_KEI@DF_KEI(4.0),Key short-term economic indicators,I,USA,United States,M,Monthly,RS,Reference series (GDP),IX,Index,_T,Total - All activities,RT,Ratio to trend,_Z,Not applicable,2023-10,,100.438081255889,,A,Normal value,0,Units,1,One,,
DATAFLOW,OECD.SDD.STES:DSD_KEI@DF_KEI(4.0),Key short-term economic indicators,I,USA,United States,M,Monthly,RS,Reference series (GDP),IX,Index,_T,Total - All activities,RT,Ratio to trend,_Z,Not applicable,2023-11,,100.546538127946,,A,Normal value,0,Units,1,One,,
